Feature,Importance
Age,0.23978309696342173
EstimatedSalary,0.1466384615058124
CreditScore,0.14421397681027365
Balance,0.13861331093120613
NumOfProducts,0.13025455506075417
Tenure,0.08242714683413771
IsActiveMember,0.04110996081421406
Geography_Germany,0.025710526533804953
Gender,0.019258227500891876
HasCrCard,0.018722388930709353
Geography_Spain,0.013268348114773886
